open,high,low,close,volume,adj_high,adj_low,adj_close,adj_open,adj_volume,split_factor,dividend,symbol,exchange,date
721.25,724.85,720.47,720.65,37698106.0,724.87,720.47,720.65,721.25,43049849.0,1.0,0.0,SPY,ARCX,2026-05-01 00:00:00+00:00
714.63,719.79,710.45,718.66,67093100.0,719.79,710.445,718.66,714.63,67240949.0,1.0,0.0,SPY,ARCX,2026-04-30 00:00:00+00:00
711.0,712.2,708.37,711.58,41042300.0,712.2,708.37,711.58,711.0,41859227.0,1.0,0.0,SPY,ARCX,2026-04-29 00:00:00+00:00
711.82,712.88,709.25,711.69,43066700.0,712.88,709.25,711.69,711.815,43117436.0,1.0,0.0,SPY,ARCX,2026-04-28 00:00:00+00:00
713.17,715.63,712.3,715.17,33060400.0,715.63,712.295,715.17,713.17,33135943.0,1.0,0.0,SPY,ARCX,2026-04-27 00:00:00+00:00
710.75,714.47,709.01,713.94,45123600.0,714.47,709.01,713.94,710.75,45181957.0,1.0,0.0,SPY,ARCX,2026-04-24 00:00:00+00:00
709.5,712.36,702.28,708.45,56047300.0,712.3598,702.2803,708.45,709.5,56173990.0,1.0,0.0,SPY,ARCX,2026-04-23 00:00:00+00:00
709.15,711.45,708.22,711.21,42473500.0,711.45,708.22,711.21,709.15,42518498.0,1.0,0.0,SPY,ARCX,2026-04-22 00:00:00+00:00
710.28,711.28,702.64,704.08,58571700.0,711.275,702.64,704.08,710.28,58941384.0,1.0,0.0,SPY,ARCX,2026-04-21 00:00:00+00:00
708.78,709.91,706.14,708.72,43484600.0,709.91,706.14,708.72,708.78,43546812.0,1.0,0.0,SPY,ARCX,2026-04-20 00:00:00+00:00
706.14,712.39,705.76,710.14,70538900.0,712.39,705.76,710.14,706.14,70661926.0,1.0,0.0,SPY,ARCX,2026-04-17 00:00:00+00:00
701.06,702.78,698.53,701.66,49873200.0,702.78,698.53,701.66,701.06,49972363.0,1.0,0.0,SPY,ARCX,2026-04-16 00:00:00+00:00
695.26,700.28,694.2,699.94,58138100.0,700.28,694.2,699.94,695.26,58240384.0,1.0,0.0,SPY,ARCX,2026-04-15 00:00:00+00:00
687.69,694.58,687.66,694.46,63310200.0,694.58,687.66,694.46,687.69,63480529.0,1.0,0.0,SPY,ARCX,2026-04-14 00:00:00+00:00
677.41,686.3,676.58,686.1,54083800.0,686.3,676.58,686.1,677.41,54185819.0,1.0,0.0,SPY,ARCX,2026-04-13 00:00:00+00:00
681.32,682.03,678.45,679.46,41916700.0,682.03,678.45,679.46,681.32,42253456.0,1.0,0.0,SPY,ARCX,2026-04-10 00:00:00+00:00
674.84,681.16,673.77,679.91,56969200.0,681.16,673.77,679.91,674.84,57134445.0,1.0,0.0,SPY,ARCX,2026-04-09 00:00:00+00:00
676.39,677.08,671.5,0.0,92921151.0,677.08,671.46,0.0,676.39,93606114.0,1.0,0.0,SPY,ARCX,2026-04-08 00:00:00+00:00
656.65,659.59,651.06,0.0,63440411.0,659.61,651.06,0.0,656.65,69980362.0,1.0,0.0,SPY,ARCX,2026-04-07 00:00:00+00:00
655.86,659.72,655.52,658.93,38994200.0,659.72,655.52,658.93,655.86,39105758.0,1.0,0.0,SPY,ARCX,2026-04-06 00:00:00+00:00
646.42,658.2,645.11,655.83,68358700.0,658.2,645.11,655.83,646.42,68358713.0,1.0,0.0,SPY,ARCX,2026-04-02 00:00:00+00:00
653.9,658.52,653.0,655.24,97734200.0,658.52,653.0,655.24,653.9,97841472.0,1.0,0.0,SPY,ARCX,2026-04-01 00:00:00+00:00
638.94,651.54,637.98,650.34,152197200.0,651.54,637.98,650.34,638.94,152534102.0,1.0,0.0,SPY,ARCX,2026-03-31 00:00:00+00:00
640.11,640.37,629.28,631.97,99080400.0,640.37,629.28,631.97,640.11,99275851.0,1.0,0.0,SPY,ARCX,2026-03-30 00:00:00+00:00
642.5,642.66,633.11,634.09,102725900.0,642.66,633.105,634.09,642.5,103649368.0,1.0,0.0,SPY,ARCX,2026-03-27 00:00:00+00:00
652.06,654.85,644.82,645.09,96353600.0,654.85,644.82,645.09,652.06,96494375.0,1.0,0.0,SPY,ARCX,2026-03-26 00:00:00+00:00
658.67,660.89,654.24,656.82,86252891.0,660.89,654.24,656.82,658.67,90653787.0,1.0,0.0,SPY,ARCX,2026-03-25 00:00:00+00:00
651.32,657.02,649.88,653.18,95310078.0,657.03,649.88,653.18,651.32,96457478.0,1.0,0.0,SPY,ARCX,2026-03-24 00:00:00+00:00
658.07,662.615,653.94,655.38,125203779.0,662.615,653.94,655.38,658.07,134802732.0,1.0,0.0,SPY,ARCX,2026-03-23 00:00:00+00:00
656.51,656.69,644.72,648.57,138283514.0,656.69,644.72,648.57,656.51,163617522.0,1.0,1.797,SPY,ARCX,2026-03-20 00:00:00+00:00
656.97,662.98,655.17,659.8,110067392.0,662.98,655.17,659.8,656.97,111272539.0,1.0,0.0,SPY,ARCX,2026-03-19 00:00:00+00:00
668.36,669.72,661.23,661.43,80910028.0,669.72,661.19,661.43,668.36,82062576.0,1.0,0.0,SPY,ARCX,2026-03-18 00:00:00+00:00
672.39,674.44,669.85,670.79,64870042.0,674.44,669.7,670.79,672.39,87128044.0,1.0,0.0,SPY,ARCX,2026-03-17 00:00:00+00:00
668.38,672.07,667.12,669.03,81253874.0,672.07,667.12,669.03,668.38,82023130.0,1.0,0.0,SPY,ARCX,2026-03-16 00:00:00+00:00
669.27,672.335,661.36,662.29,83073510.0,672.335,661.36,662.29,669.27,97200242.0,1.0,0.0,SPY,ARCX,2026-03-13 00:00:00+00:00
671.16,671.65,665.87,666.06,107906562.0,671.65,665.87,666.06,671.16,108882246.0,1.0,0.0,SPY,ARCX,2026-03-12 00:00:00+00:00
677.58,680.08,673.34,676.33,67758700.0,680.08,673.34,676.33,677.58,68441672.0,1.0,0.0,SPY,ARCX,2026-03-11 00:00:00+00:00
677.72,683.36,674.76,677.18,81381400.0,683.36,674.76,677.18,677.72,81505315.0,1.0,0.0,SPY,ARCX,2026-03-10 00:00:00+00:00
666.39,679.92,662.39,678.27,102334700.0,679.92,662.39,678.27,666.39,102667711.0,1.0,0.0,SPY,ARCX,2026-03-09 00:00:00+00:00
673.41,676.11,669.76,672.38,100509800.0,676.11,669.76,672.38,673.41,100686951.0,1.0,0.0,SPY,ARCX,2026-03-06 00:00:00+00:00
682.08,685.53,675.61,681.31,106241400.0,685.53,675.61,681.31,682.08,106606464.0,1.0,0.0,SPY,ARCX,2026-03-05 00:00:00+00:00
681.63,687.09,679.62,685.13,79045800.0,687.09,679.62,685.13,681.63,79182244.0,1.0,0.0,SPY,ARCX,2026-03-04 00:00:00+00:00
675.06,682.61,669.66,680.33,104737700.0,682.61,669.66,680.33,675.06,105003113.0,1.0,0.0,SPY,ARCX,2026-03-03 00:00:00+00:00
678.7,688.62,678.02,686.38,87245200.0,688.62,678.02,686.38,678.7,87477198.0,1.0,0.0,SPY,ARCX,2026-03-02 00:00:00+00:00
683.09,686.86,681.64,685.99,83105100.0,686.86,681.64,685.99,683.09,83308868.0,1.0,0.0,SPY,ARCX,2026-02-27 00:00:00+00:00
693.28,693.3,684.35,689.3,71311200.0,693.3,684.35,689.3,693.28,71670990.0,1.0,0.0,SPY,ARCX,2026-02-26 00:00:00+00:00
690.18,693.68,690.1,693.15,56153200.0,693.68,690.1,693.15,690.18,56369479.0,1.0,0.0,SPY,ARCX,2026-02-25 00:00:00+00:00
681.9,688.35,680.0,687.35,73717500.0,688.35,680.0,687.35,681.9,73798727.0,1.0,0.0,SPY,ARCX,2026-02-24 00:00:00+00:00
687.83,690.0,680.37,682.39,90421900.0,690.0,680.371,682.39,687.83,90558087.0,1.0,0.0,SPY,ARCX,2026-02-23 00:00:00+00:00
682.32,690.06,681.73,689.43,99952100.0,690.06,681.73,689.43,682.32,100033986.0,1.0,0.0,SPY,ARCX,2026-02-20 00:00:00+00:00
683.84,686.18,681.55,684.48,58530500.0,686.18,681.5475,684.48,683.84,58649363.0,1.0,0.0,SPY,ARCX,2026-02-19 00:00:00+00:00
684.02,689.15,682.83,686.29,73434200.0,689.15,682.83,686.29,684.02,73570341.0,1.0,0.0,SPY,ARCX,2026-02-18 00:00:00+00:00
680.14,684.94,675.78,682.85,81244100.0,684.94,675.78,682.85,680.14,81354660.0,1.0,0.0,SPY,ARCX,2026-02-17 00:00:00+00:00
681.69,686.28,677.52,681.75,96150400.0,686.28,677.52,681.75,681.69,96267487.0,1.0,0.0,SPY,ARCX,2026-02-13 00:00:00+00:00
694.24,695.35,680.37,681.27,118276500.0,695.35,680.37,681.27,694.24,118828963.0,1.0,0.0,SPY,ARCX,2026-02-12 00:00:00+00:00
696.39,697.14,689.18,691.96,76236200.0,697.14,689.18,691.96,696.39,76353872.0,1.0,0.0,SPY,ARCX,2026-02-11 00:00:00+00:00
694.95,696.54,691.66,692.12,64943900.0,696.54,691.66,692.12,694.95,65185725.0,1.0,0.0,SPY,ARCX,2026-02-10 00:00:00+00:00
689.42,695.87,688.34,693.95,73570500.0,695.87,688.34,693.95,689.42,73885192.0,1.0,0.0,SPY,ARCX,2026-02-09 00:00:00+00:00
681.46,692.31,680.85,690.62,88754500.0,692.31,680.85,690.62,681.46,89127566.0,1.0,0.0,SPY,ARCX,2026-02-06 00:00:00+00:00
680.94,683.69,675.79,677.62,113140100.0,683.69,675.79,677.62,680.94,113610812.0,1.0,0.0,SPY,ARCX,2026-02-05 00:00:00+00:00
690.35,691.45,681.76,686.19,105040300.0,691.45,681.76,686.19,690.35,105204600.0,1.0,0.0,SPY,ARCX,2026-02-04 00:00:00+00:00
696.21,696.96,684.03,689.53,107782300.0,696.96,684.03,689.53,696.21,105889540.0,1.0,0.0,SPY,ARCX,2026-02-03 00:00:00+00:00
691.79,696.93,689.425,695.41,78557251.0,696.93,689.42,695.41,689.58,77975410.0,1.0,0.0,SPY,ARCX,2026-02-02 00:00:00+00:00
691.79,694.21,687.12,691.97,101750300.0,694.21,687.12,691.97,691.79,101835131.0,1.0,0.0,SPY,ARCX,2026-01-30 00:00:00+00:00
696.39,697.06,684.83,694.04,97338600.0,697.06,684.83,694.04,696.39,97486198.0,1.0,0.0,SPY,ARCX,2026-01-29 00:00:00+00:00
697.05,697.84,693.94,695.42,60827800.0,697.84,693.94,695.42,697.05,61172165.0,1.0,0.0,SPY,ARCX,2026-01-28 00:00:00+00:00
694.18,696.53,693.57,695.49,55401200.0,696.53,693.57,695.49,694.18,54124395.0,1.0,0.0,SPY,ARCX,2026-01-27 00:00:00+00:00
690.49,694.13,689.92,692.73,60400200.0,694.13,689.92,692.73,690.49,60473813.0,1.0,0.0,SPY,ARCX,2026-01-26 00:00:00+00:00
688.15,690.96,687.16,689.23,63016300.0,690.96,687.16,689.23,688.15,63059578.0,1.0,0.0,SPY,ARCX,2026-01-23 00:00:00+00:00
689.85,691.13,686.92,688.98,76888700.0,691.13,686.92,688.98,689.85,77112243.0,1.0,0.0,SPY,ARCX,2026-01-22 00:00:00+00:00
679.65,688.74,678.13,685.4,127756400.0,688.735,678.13,685.4,679.65,127844467.0,1.0,0.0,SPY,ARCX,2026-01-21 00:00:00+00:00
681.49,684.77,676.57,677.58,111394100.0,684.77,676.57,677.58,681.49,107178877.0,1.0,0.0,SPY,ARCX,2026-01-20 00:00:00+00:00
693.66,694.25,690.1,691.66,79246300.0,694.25,690.1,691.66,693.66,79289200.0,1.0,0.0,SPY,ARCX,2026-01-16 00:00:00+00:00
694.57,695.45,691.25,692.24,77777000.0,695.45,691.25,692.24,694.57,77861974.0,1.0,0.0,SPY,ARCX,2026-01-15 00:00:00+00:00
691.0,691.72,686.04,690.36,94544300.0,691.72,686.04,690.36,691.0,94676684.0,1.0,0.0,SPY,ARCX,2026-01-14 00:00:00+00:00
695.49,696.09,691.35,693.77,78238900.0,696.09,691.35,693.77,695.49,78309726.0,1.0,0.0,SPY,ARCX,2026-01-13 00:00:00+00:00
690.68,696.09,690.63,695.16,63863300.0,696.09,690.63,695.16,690.68,63976002.0,1.0,0.0,SPY,ARCX,2026-01-12 00:00:00+00:00
690.63,695.31,689.18,694.07,80049600.0,695.31,689.18,694.07,690.63,80125467.0,1.0,0.0,SPY,ARCX,2026-01-09 00:00:00+00:00
688.82,690.62,687.49,689.51,63895800.0,690.615,687.49,689.51,688.82,64019200.0,1.0,0.0,SPY,ARCX,2026-01-08 00:00:00+00:00
692.19,693.96,689.32,689.58,75531500.0,693.96,689.32,689.58,692.19,75588337.0,1.0,0.0,SPY,ARCX,2026-01-07 00:00:00+00:00
687.93,692.315,687.78,691.81,69273827.0,692.315,687.78,691.81,687.93,69273827.0,1.0,0.0,SPY,ARCX,2026-01-06 00:00:00+00:00
686.54,689.43,686.38,687.72,71803800.0,689.43,686.375,687.72,686.54,71927191.0,1.0,0.0,SPY,ARCX,2026-01-05 00:00:00+00:00
685.71,686.87,679.82,683.17,89310400.0,686.87,679.82,683.17,685.71,89377203.0,1.0,0.0,SPY,ARCX,2026-01-02 00:00:00+00:00
687.14,687.36,681.71,681.92,74144800.0,687.36,681.71,681.92,687.14,74144801.0,1.0,0.0,SPY,ARCX,2025-12-31 00:00:00+00:00
687.45,688.56,686.58,687.01,47078600.0,688.555,686.58,687.01,687.445,47160671.0,1.0,0.0,SPY,ARCX,2025-12-30 00:00:00+00:00
687.54,689.2,686.07,687.85,62509300.0,689.2,686.07,687.85,687.54,62559503.0,1.0,0.0,SPY,ARCX,2025-12-29 00:00:00+00:00
690.64,691.66,689.27,690.31,41588400.0,691.66,689.27,690.31,690.64,41613347.0,1.0,0.0,SPY,ARCX,2025-12-26 00:00:00+00:00
687.95,690.83,687.8,690.38,39445600.0,690.83,687.8,690.38,687.95,39445560.0,1.0,0.0,SPY,ARCX,2025-12-24 00:00:00+00:00
683.92,688.2,683.87,687.96,64769000.0,688.2,683.87,687.96,683.92,64839951.0,1.0,0.0,SPY,ARCX,2025-12-23 00:00:00+00:00
683.94,685.36,680.59,684.83,69475300.0,685.36,680.5868,684.83,683.94,69556733.0,1.0,0.0,SPY,ARCX,2025-12-22 00:00:00+00:00
676.59,681.09,676.47,680.59,103506100.0,681.09,676.47,680.59,676.59,103599543.0,1.0,1.99337,SPY,ARCX,2025-12-19 00:00:00+00:00
677.6,680.74,674.9,676.47,108364200.0,680.74,674.9,676.47,677.6,108650128.0,1.0,0.0,SPY,ARCX,2025-12-18 00:00:00+00:00
679.89,680.44,671.2,671.4,109356100.0,680.435,671.195,671.4,679.89,110625198.0,1.0,0.0,SPY,ARCX,2025-12-17 00:00:00+00:00
679.23,681.08,674.98,678.87,121890700.0,681.08,674.98,678.87,679.23,122030631.0,1.0,0.0,SPY,ARCX,2025-12-16 00:00:00+00:00
685.74,685.76,679.25,680.73,90667700.0,685.76,679.25,680.73,685.74,90810952.0,1.0,0.0,SPY,ARCX,2025-12-15 00:00:00+00:00
688.17,688.88,679.1744,681.76,105824458.0,688.88,679.1744,681.76,688.17,113160347.0,1.0,0.0,SPY,ARCX,2025-12-12 00:00:00+00:00
685.14,689.25,682.17,689.17,86072400.0,689.25,682.165,689.17,685.14,86173678.0,1.0,0.0,SPY,ARCX,2025-12-11 00:00:00+00:00
682.56,688.97,681.31,687.57,85393700.0,688.97,681.31,687.57,682.56,85671334.0,1.0,0.0,SPY,ARCX,2025-12-10 00:00:00+00:00
683.15,685.39,682.59,683.04,58193000.0,685.385,682.59,683.04,683.15,56313923.0,1.0,0.0,SPY,ARCX,2025-12-09 00:00:00+00:00
686.59,686.64,681.57,683.63,54664100.0,686.64,681.57,683.63,686.59,53033654.0,1.0,0.0,SPY,ARCX,2025-12-08 00:00:00+00:00
